gstatig.com,131441
cloudfrnnt.net,26856
goggleapis.com,20210
gstatib.com,13804
jauery.com,8388
jpuery.com,6599
googleuserbontent.com,5615
applg.com,5558
doubleclicc.net,5148
google-alalytics.com,5121
amazonass.com,5030
sloudfront.net,4850
dourleclick.net,3988
cloudvront.net,3856
cloudfrond.net,3722
cloudfroft.net,3551
gstathc.com,3518
gooele-analytics.com,3516
aloudfront.net,3405
doubluclick.net,3197
cloudfrknt.net,3056
doubleclisk.net,2919
clgudfront.net,2835
googleurercontent.com,2761
dkubleclick.net,2698
cloudbront.net,2658
dmubleclick.net,2627
dgubleclick.net,2611
cloudfrojt.net,2606
fbadn.net,2593
cloudfrgnt.net,2554
cloulfront.net,2483
cloudfbont.net,2461
gstadic.com,2448
cdoudfront.net,2446
gstatkc.com,2446
cloudfrmnt.net,2432
cloudfvont.net,2410
choudfront.net,2383
googldapis.com,2313
cloqdfront.net,2293
doubleblick.net,2289
cloudfronp.net,2283
gstqtic.com,2275
ytieg.com,2257
gstatmc.com,2215
icdoud.com,2213
gomgle-analytics.com,2212
cloudnront.net,2203
doublecliak.net,2197
clkudfront.net,2153
doubmeclick.net,2148
twilg.com,2144
doublecnick.net,2142
doucleclick.net,2130
gmogle-analytics.com,2102
twimw.com,2062
fbcdj.net,2050
ggogleapis.com,2036
cloudfzont.net,2025
dnubleclick.net,1937
gstauic.com,1887
disaus.com,1886
gstatyc.com,1878
doublmclick.net,1876
gkogleusercontent.com,1855
gstctic.com,1855
twmmg.com,1851
eisqus.com,1762
frcdn.net,1733
doublecmick.net,1723
doujleclick.net,1723
gsuatic.com,1713
doubleclmck.net,1679
dowbleclick.net,1673
doufleclick.net,1672
cnoudfront.net,1665
iclkud.com,1663
gsvatic.com,1662
4wimg.com,1659
y4img.com,1652
kloudfront.net,1644
twkmg.com,1620
dotbleclick.net,1590
googleusepcontent.com,1568
gstatia.com,1567
doubneclick.net,1565
doubleclikk.net,1551
clmudfront.net,1530
iclgud.com,1525
doubleclibk.net,1519
gongleusercontent.com,1494
doubleglick.net,1461
eoogleusercontent.com,1457
gs4atic.com,1455
twi-g.com,1450
cloudfpont.net,1434
cloudfrolt.net,1417
yti-g.com,1406
icnoud.com,1403
gspatic.com,1398
goowleapis.com,1385
gsdatic.com,1383
googlm-analytics.com,1377
gsta4ic.com,1375
disquc.com,1363
clouefront.net,1338
googdeusercontent.com,1337
gstapic.com,1328
jquerx.com,1326
gstavic.com,1323
googde-analytics.com,1293
disquw.com,1285
bloudfront.net,1264
googleusercondent.com,1252
iclmud.com,1222
uwimg.com,1194
twhmg.com,1185
cloudfronv.net,1184
goggleusercontent.com,1172
aspnetgdn.com,1170
dis1us.com,1162
cmoudfront.net,1161
doqbleclick.net,1159
googleusercontenp.com,1154
googmeusercontent.com,1134
t7img.com,1126
cloudf2ont.net,1120
tisqus.com,1118
ggogle-analytics.com,1116
doublecligk.net,1109
gomgleapis.com,1097
clnudfront.net,1094
gnogleapis.com,1084
gooeleapis.com,1078
diwqus.com,1075
gomgleusercontent.com,1074
googleuserkontent.com,1070
jqtery.com,1051
gmogleusercontent.com,1047
gooole-analytics.com,1046
goowleusercontent.com,1044
coogleusercontent.com,1042
disyus.com,1041
googleusersontent.com,1037
cloudfsont.net,1024
googleusdrcontent.com,1021
cloudfron4.net,1019
aspoetcdn.com,1012
googleusercoftent.com,1011
ggogleusercontent.com,1006
juuery.com,1003
disquq.com,1000
gmogleapis.com,994
dksqus.com,993
cloudfroot.net,975
clo5dfront.net,971
aspnetcdf.com,971
eoogleapis.com,961
asxnetcdn.com,955
clotdfront.net,954
cloudfronu.net,954
googne-analytics.com,951
googleuseraontent.com,948
woogleapis.com,941
gokgleusercontent.com,941
googleusercnntent.com,929
as0netcdn.com,921
googleuserconteft.com,915
googneusercontent.com,911
disuus.com,908
iclotd.com,897
woogleusercontent.com,896
aspnetcen.com,896
jquevy.com,886
googlg-analytics.com,883
jqumry.com,879
goocleusercontent.com,878
gokgleapis.com,876
googleusergontent.com,873
iclnud.com,866
googleuserconuent.com,864
googleusercontenu.com,863
googlgapis.com,851
aqpnetcdn.com,850
jqueby.com,846
aspjetcdn.com,839
ooogleapis.com,838
googleusercontejt.com,836
jqugry.com,831
elbnamazonaws.com,829
googleusercgntent.com,822
coogleapis.com,818
goooleusercontent.com,818
aspnmtcdn.com,814
goocleapis.com,812
googlmapis.com,812
googlausercontent.com,809
a3pnetcdn.com,802
cspnetcdn.com,802
googdeapis.com,800
jquezy.com,796
qspnetcdn.com,793
gooeleusercontent.com,788
aspnedcdn.com,787
aspnetctn.com,784
dirqus.com,782
googleusercontdnt.com,781
aspfetcdn.com,781
googleuserckntent.com,780
dhsqus.com,780
goooleapis.com,779
dysqus.com,778
googleuserconten4.com,773
googleusercmntent.com,772
googlmusercontent.com,768
astnetcdn.com,768
aspnetcdl.com,766
aspnetkdn.com,763
googmeapis.com,762
disqu3.com,760
aspnetsdn.com,760
s3namazonaws.com,757
googleusescontent.com,756
awpnetcdn.com,755
dmsqus.com,752
aspnetadn.com,751
googluusercontent.com,750
google5sercontent.com,749
compute-2namazonaws.com,748
compute-1namazonaws.com,747
aspndtcdn.com,746
espnetcdn.com,745
disqws.com,742
googneapis.com,741
googleucercontent.com,741
jquepy.com,741
jquerq.com,741
aspneucdn.com,737
disq5s.com,736
gkogleapis.com,731
jquesy.com,731
aspletcdn.com,731
googleusercontend.com,724
arpnetcdn.com,723
diqqus.com,720
aspngtcdn.com,720
sfdcsdatic.com,720
aspnetcdj.com,719
acpnetcdn.com,718
asrnetcdn.com,717
googlewsercontent.com,715
aspnepcdn.com,715
disqqs.com,714
aspnetcln.com,714
lisqus.com,713
jsuery.com,713
googleusercoltent.com,711
disqts.com,711
di3qus.com,706
disqur.com,706
asqnetcdn.com,705
googleu3ercontent.com,702
aspnevcdn.com,699
googleuserconvent.com,693
aspne4cdn.com,691
gnogleusercontent.com,685
jqqery.com,684
sbdcstatic.com,684
ispnetcdn.com,676
3fdcstatic.com,667
googleqsercontent.com,665
googleusurcontent.com,663
aspnetbdn.com,660
cfdcstatic.com,660
aspnetcdo.com,655
googleusercontmnt.com,648
googleusercontunt.com,644
sftcstatic.com,642
googleusercojtent.com,641
googleuqercontent.com,638
googleusevcontent.com,634
googheapis.com,623
googleuwercontent.com,619
qfdcstatic.com,608
sfdcwtatic.com,608
googleusercontelt.com,597
sfdcstatyc.com,597
sfdcstapic.com,594
googleusercon4ent.com,593
googleusgrcontent.com,593
googldusercontent.com,592
googleuserconpent.com,591
icloqd.com,590
googleuserconteot.com,587
googleusercontenv.com,586
sfdsstatic.com,586
sfdcstatis.com,584
sfecstatic.com,583
googleusercontgnt.com,581
googleuse2content.com,572
sfdastatic.com,572
sfdcstadic.com,567
sfdcstatib.com,566
sfdcstatkc.com,560
googleusezcontent.com,558
sfdbstatic.com,556
svdcstatic.com,556
sfdcspatic.com,555
wfdcstatic.com,555
sfdcctatic.com,554
googleusmrcontent.com,553
sfdcsta4ic.com,552
sfdcstatig.com,552
sfdc3tatic.com,551
sfdcqtatic.com,547
sfdcsuatic.com,546
sfdcstatik.com,542
sfdcrtatic.com,541
sfdcstavic.com,541
sfdcsvatic.com,541
sfdkstatic.com,540
sndcstatic.com,536
sfdcstathc.com,535
sfdcstqtic.com,535
rfdcstatic.com,533
googlgusercontent.com,531
sfdcstatia.com,531
sflcstatic.com,528
sfdcstauic.com,526
sfdgstatic.com,526
sfdcstatmc.com,521
sfdcstctic.com,519
googletsercontent.com,512
sfdcs4atic.com,501
googheusercontent.com,482
