iclnud.com,24215329
iclotd.com,22472129
iclmud.com,15062351
icloqd.com,5495738
icdoud.com,5072695
google-alalytics.com,4732940
icnoud.com,3305440
iclkud.com,1323965
iclgud.com,1227098
goggleapis.com,413010
gstatig.com,352731
googldapis.com,247394
dnubleclick.net,192379
applg.com,143748
doubleblick.net,84230
gstathc.com,83543
cloudvront.net,81235
googleurercontent.com,46127
cnoudfront.net,44525
sloudfront.net,42388
gstatib.com,41080
googldusercontent.com,38679
jauery.com,36981
gnogleapis.com,35775
dotbleclick.net,33635
doubleclicc.net,31138
gmogle-analytics.com,30239
gooele-analytics.com,29668
googleuserbontent.com,29332
gongleusercontent.com,28817
gomgle-analytics.com,26726
googde-analytics.com,26721
jpuery.com,24439
amazonass.com,24224
cloudfrnnt.net,23262
dgubleclick.net,22381
cloudfbont.net,22169
ggogleusercontent.com,22013
doubleclisk.net,20021
cloudfrojt.net,19375
dourleclick.net,18761
cloudfrknt.net,18408
clo5dfront.net,18195
cloudfrgnt.net,18124
doublecliak.net,18078
cdoudfront.net,17734
gstatyc.com,17733
gsvatic.com,17552
doubluclick.net,17514
ggogleapis.com,17427
cloudfroot.net,17320
gsdatic.com,17152
fbcdj.net,17093
cloudfroft.net,16811
aloudfront.net,16701
clgudfront.net,16663
coogleapis.com,16657
cloudfrond.net,16481
clouefront.net,16195
dmubleclick.net,16166
gstatmc.com,15976
uwimg.com,15835
cloudfpont.net,15793
dkubleclick.net,15722
gmogleapis.com,15719
woogleapis.com,15704
twilg.com,15689
fbadn.net,15612
cloqdfront.net,15586
gstauic.com,15319
doucleclick.net,15253
choudfront.net,15249
cloudfron4.net,15214
frcdn.net,15103
goowleapis.com,15094
doujleclick.net,15007
cloudfvont.net,14889
cloudfronp.net,14608
doubleclibk.net,14565
cmoudfront.net,14520
doublecnick.net,14444
cloudfrolt.net,14401
twmmg.com,14265
gspatic.com,14169
eoogleapis.com,14122
clmudfront.net,14117
gooole-analytics.com,14114
gsta4ic.com,14058
googleusercontdnt.com,14028
gs4atic.com,14016
doubmeclick.net,13937
ooogleapis.com,13922
ytieg.com,13802
doubneclick.net,13779
bloudfront.net,13772
twimw.com,13772
googdeapis.com,13745
gkogleapis.com,13629
gstqtic.com,13493
gstadic.com,13417
doublmclick.net,13273
cloulfront.net,13263
cloudf2ont.net,13254
cloudnront.net,13240
googlm-analytics.com,13237
twkmg.com,13227
cloudbront.net,13149
yti-g.com,13149
clkudfront.net,13075
gstatkc.com,13055
kloudfront.net,13014
googleusercontenp.com,12997
gstatia.com,12953
googletsercontent.com,12888
gnogleusercontent.com,12881
y4img.com,12848
dowbleclick.net,12831
googlmapis.com,12715
gsuatic.com,12712
disquc.com,12622
ggogle-analytics.com,12591
doubleclmck.net,12579
cloudfronv.net,12541
4wimg.com,12446
gstapic.com,12433
gstctic.com,12427
disqts.com,12323
goggleusercontent.com,12307
gooeleapis.com,12295
cloudfrmnt.net,12287
cloudfzont.net,12257
jquerx.com,12198
doublecmick.net,12189
doubleglick.net,12145
disquw.com,12047
gstavic.com,11827
doufleclick.net,11803
disaus.com,11760
eisqus.com,11727
cloudfsont.net,11715
cloudfronu.net,11684
tisqus.com,11667
doubleclikk.net,11614
googluusercontent.com,11597
googleusercontend.com,11486
disyus.com,11433
clnudfront.net,11412
goocleapis.com,11315
googleusdrcontent.com,11228
goooleapis.com,11196
twhmg.com,11173
googne-analytics.com,11159
disuus.com,10951
t7img.com,10949
googlgapis.com,10926
clotdfront.net,10916
doqbleclick.net,10869
doublecligk.net,10855
goowleusercontent.com,10853
gomgleapis.com,10829
googleusercnntent.com,10828
gokgleapis.com,10812
dhsqus.com,10807
googneapis.com,10787
googleusercoftent.com,10768
dis1us.com,10508
googheapis.com,10329
twi-g.com,10237
googlg-analytics.com,10182
googmeapis.com,10134
s3namazonaws.com,10105
googleuserconteot.com,10074
aspnetcdf.com,10067
disquq.com,10037
gkogleusercontent.com,10027
woogleusercontent.com,9973
dksqus.com,9907
googleusurcontent.com,9880
googleusersontent.com,9856
dirqus.com,9848
juuery.com,9731
aspnetadn.com,9720
googleuserconteft.com,9694
googleuse2content.com,9691
lisqus.com,9691
jqueby.com,9689
diwqus.com,9686
googleuserkontent.com,9658
disqws.com,9638
aspoetcdn.com,9611
disqur.com,9590
googleusercoltent.com,9589
disq5s.com,9523
jqqery.com,9523
jquevy.com,9513
googleuserconuent.com,9497
jqtery.com,9497
elbnamazonaws.com,9488
aspnetgdn.com,9433
googleuseraontent.com,9420
disqqs.com,9415
googleusercon4ent.com,9401
google5sercontent.com,9398
diqqus.com,9396
googleusescontent.com,9353
googleuserckntent.com,9310
googleusercgntent.com,9284
googleusercontenu.com,9262
aspnetcen.com,9259
dmsqus.com,9233
googleusercondent.com,9222
asxnetcdn.com,9220
disqu3.com,9210
aspnedcdn.com,9181
as0netcdn.com,9144
jquepy.com,9140
eoogleusercontent.com,9106
acpnetcdn.com,9076
dysqus.com,9069
jquezy.com,9068
jqugry.com,9055
googlausercontent.com,9054
googneusercontent.com,9036
googleusgrcontent.com,9026
googlewsercontent.com,9023
astnetcdn.com,9014
goocleusercontent.com,9012
googleusergontent.com,9005
aspnmtcdn.com,9002
compute-2namazonaws.com,8998
googleuserconten4.com,8986
googdeusercontent.com,8966
googleusercontunt.com,8966
jquerq.com,8961
compute-1namazonaws.com,8959
googmeusercontent.com,8949
di3qus.com,8949
googleu3ercontent.com,8948
googlmusercontent.com,8938
googleusercontelt.com,8936
googheusercontent.com,8926
aspnetcdj.com,8926
jqumry.com,8922
googleusevcontent.com,8911
googleuserconvent.com,8904
googleuwercontent.com,8897
aspndtcdn.com,8895
aqpnetcdn.com,8891
awpnetcdn.com,8889
googleusepcontent.com,8878
aspnetcdl.com,8861
cspnetcdn.com,8833
aspletcdn.com,8826
aspnetcln.com,8826
aspjetcdn.com,8825
googlgusercontent.com,8819
a3pnetcdn.com,8803
googleusercontejt.com,8802
aspnetctn.com,8761
aspnetkdn.com,8749
googleusercojtent.com,8745
googleuqercontent.com,8734
gmogleusercontent.com,8733
jquesy.com,8725
gokgleusercontent.com,8715
googleusercmntent.com,8710
espnetcdn.com,8689
jsuery.com,8675
arpnetcdn.com,8671
coogleusercontent.com,8651
googleqsercontent.com,8644
aspngtcdn.com,8630
ispnetcdn.com,8615
aspnevcdn.com,8600
aspfetcdn.com,8536
goooleusercontent.com,8534
aspneucdn.com,8522
aspnetsdn.com,8516
asqnetcdn.com,8511
gomgleusercontent.com,8496
googleusercontmnt.com,8459
googleucercontent.com,8409
googleusercontenv.com,8363
googleusezcontent.com,8361
qspnetcdn.com,8330
aspnepcdn.com,8310
googleusercontgnt.com,8241
googleuserconpent.com,8225
aspnetcdo.com,8209
aspne4cdn.com,8170
asrnetcdn.com,8168
googleusmrcontent.com,7974
gooeleusercontent.com,7946
sfdcstatig.com,7735
wfdcstatic.com,7732
aspnetbdn.com,7698
sfdsstatic.com,7633
3fdcstatic.com,7609
sftcstatic.com,7599
sbdcstatic.com,7550
sfdcstadic.com,7531
sfdcstauic.com,7529
sfdcwtatic.com,7524
sfdcsvatic.com,7516
sfdc3tatic.com,7502
sfdcstatia.com,7501
sfdcstapic.com,7496
sfdkstatic.com,7462
sfdcsuatic.com,7460
sfdcsdatic.com,7420
sfdcstatis.com,7396
sndcstatic.com,7366
sfdcspatic.com,7342
sflcstatic.com,7326
sfdbstatic.com,7285
sfdcstctic.com,7282
qfdcstatic.com,7242
sfdcstatmc.com,7240
sfdcstatkc.com,7227
sfecstatic.com,7226
rfdcstatic.com,7199
sfdastatic.com,7189
svdcstatic.com,7133
sfdcctatic.com,7115
sfdgstatic.com,7100
sfdcstavic.com,7068
sfdcstatik.com,7064
sfdcrtatic.com,7042
sfdcstathc.com,7036
sfdcstatyc.com,7024
sfdcstatib.com,7021
sfdcsta4ic.com,6718
sfdcqtatic.com,6676
sfdcs4atic.com,6583
cfdcstatic.com,6540
sfdcstqtic.com,6382
